pid,technique,granularity,windows,trialNo,time,accuracy,steps
1,AUTOCOMPASTE,sentence,Single,1,7766,1,7
1,AUTOCOMPASTE,sentence,Single,2,6886,1,2
1,AUTOCOMPASTE,sentence,Single,3,6625,1,2
1,AUTOCOMPASTE,sentence,Multiple,1,7476,1,2
1,AUTOCOMPASTE,sentence,Multiple,2,5168,1,3
1,AUTOCOMPASTE,sentence,Multiple,3,5238,1,3
1,AUTOCOMPASTE,paragraph,Single,1,8312,1,3
1,AUTOCOMPASTE,paragraph,Single,2,6334,1,6
1,AUTOCOMPASTE,paragraph,Single,3,23408,1,3
1,AUTOCOMPASTE,paragraph,Multiple,1,6727,1,3
1,AUTOCOMPASTE,paragraph,Multiple,2,9052,1,3
1,AUTOCOMPASTE,paragraph,Multiple,3,7924,1,3
1,AUTOCOMPASTE,phrase,Single,1,9438,1,6
1,AUTOCOMPASTE,phrase,Single,2,14106,1,6
1,AUTOCOMPASTE,phrase,Single,3,8309,1,6
1,AUTOCOMPASTE,phrase,Multiple,1,11583,1,6
1,AUTOCOMPASTE,phrase,Multiple,2,12468,1,12
1,AUTOCOMPASTE,phrase,Multiple,3,18175,1,6
1,TRADITIONAL,sentence,Single,1,12663,1,5
1,TRADITIONAL,sentence,Single,2,5512,1,4
1,TRADITIONAL,sentence,Single,3,4038,1,4
1,TRADITIONAL,sentence,Multiple,1,15772,1,5
1,TRADITIONAL,sentence,Multiple,2,4053,1,5
1,TRADITIONAL,sentence,Multiple,3,6238,1,5
1,TRADITIONAL,paragraph,Single,1,5236,1,4
1,TRADITIONAL,paragraph,Single,2,4598,1,5
1,TRADITIONAL,paragraph,Single,3,4064,1,4
1,TRADITIONAL,paragraph,Multiple,1,3701,1,5
1,TRADITIONAL,paragraph,Multiple,2,10866,1,5
1,TRADITIONAL,paragraph,Multiple,3,8204,1,5
1,TRADITIONAL,phrase,Single,1,4236,1,4
1,TRADITIONAL,phrase,Single,2,5732,1,5
1,TRADITIONAL,phrase,Single,3,4630,1,5
1,TRADITIONAL,phrase,Multiple,1,10455,1,5
1,TRADITIONAL,phrase,Multiple,2,5207,1,5
1,TRADITIONAL,phrase,Multiple,3,5873,1,5
1,AUTOCOMPASTE,sentence,Single,1,10261,1,6
1,AUTOCOMPASTE,sentence,Single,2,6710,1,5
1,AUTOCOMPASTE,sentence,Single,3,5582,1,2
1,AUTOCOMPASTE,sentence,Multiple,1,5482,1,3
1,AUTOCOMPASTE,sentence,Multiple,2,5890,1,2
1,AUTOCOMPASTE,sentence,Multiple,3,4063,1,3
1,AUTOCOMPASTE,paragraph,Single,1,6859,1,3
1,AUTOCOMPASTE,paragraph,Single,2,9190,1,5
1,AUTOCOMPASTE,paragraph,Single,3,5206,1,3
1,AUTOCOMPASTE,paragraph,Multiple,1,4748,1,3
1,AUTOCOMPASTE,paragraph,Multiple,2,5765,1,3
1,AUTOCOMPASTE,paragraph,Multiple,3,9442,1,3
1,AUTOCOMPASTE,phrase,Single,1,12850,1,5
1,AUTOCOMPASTE,phrase,Single,2,25883,1,6
1,AUTOCOMPASTE,phrase,Single,3,9393,1,6
1,AUTOCOMPASTE,phrase,Multiple,1,8266,1,6
1,AUTOCOMPASTE,phrase,Multiple,2,6238,1,9
1,AUTOCOMPASTE,phrase,Multiple,3,8928,1,7
1,TRADITIONAL,sentence,Single,1,9589,1,5
1,TRADITIONAL,sentence,Single,2,4072,1,4
1,TRADITIONAL,sentence,Single,3,3848,1,4
1,TRADITIONAL,sentence,Multiple,1,4488,1,4
1,TRADITIONAL,sentence,Multiple,2,6062,1,5
1,TRADITIONAL,sentence,Multiple,3,5069,1,5
1,TRADITIONAL,paragraph,Single,1,3116,1,4
1,TRADITIONAL,paragraph,Single,2,3896,1,5
1,TRADITIONAL,paragraph,Single,3,4070,1,4
1,TRADITIONAL,paragraph,Multiple,1,3086,1,4
1,TRADITIONAL,paragraph,Multiple,2,7927,1,5
1,TRADITIONAL,paragraph,Multiple,3,2762,1,4
1,TRADITIONAL,phrase,Single,1,4179,1,5
1,TRADITIONAL,phrase,Single,2,5158,1,4
1,TRADITIONAL,phrase,Single,3,3842,1,4
1,TRADITIONAL,phrase,Multiple,1,23251,1,5
1,TRADITIONAL,phrase,Multiple,2,6236,1,5
1,TRADITIONAL,phrase,Multiple,3,8293,1,5
1,AUTOCOMPASTE,sentence,Single,1,7322,1,2
1,AUTOCOMPASTE,sentence,Single,2,3323,1,5
1,AUTOCOMPASTE,sentence,Single,3,3984,1,2
1,AUTOCOMPASTE,sentence,Multiple,1,2882,1,2
1,AUTOCOMPASTE,sentence,Multiple,2,3770,1,3
1,AUTOCOMPASTE,sentence,Multiple,3,3402,1,2
1,AUTOCOMPASTE,paragraph,Single,1,4142,1,3
1,AUTOCOMPASTE,paragraph,Single,2,4833,1,3
1,AUTOCOMPASTE,paragraph,Single,3,5150,1,5
1,AUTOCOMPASTE,paragraph,Multiple,1,6198,1,5
1,AUTOCOMPASTE,paragraph,Multiple,2,6972,1,2
1,AUTOCOMPASTE,paragraph,Multiple,3,4773,1,3
1,AUTOCOMPASTE,phrase,Single,1,4754,1,12
1,AUTOCOMPASTE,phrase,Single,2,6653,1,7
1,AUTOCOMPASTE,phrase,Single,3,5235,1,7
1,AUTOCOMPASTE,phrase,Multiple,1,8345,1,6
1,AUTOCOMPASTE,phrase,Multiple,2,9170,1,6
1,AUTOCOMPASTE,phrase,Multiple,3,5118,1,6
1,TRADITIONAL,sentence,Single,1,5297,1,5
1,TRADITIONAL,sentence,Single,2,4171,1,4
1,TRADITIONAL,sentence,Single,3,4322,1,4
1,TRADITIONAL,sentence,Multiple,1,4314,1,5
1,TRADITIONAL,sentence,Multiple,2,4456,1,5
1,TRADITIONAL,sentence,Multiple,3,6777,1,5
1,TRADITIONAL,paragraph,Single,1,2753,1,4
1,TRADITIONAL,paragraph,Single,2,2764,1,4
1,TRADITIONAL,paragraph,Single,3,2976,1,4
1,TRADITIONAL,paragraph,Multiple,1,3848,1,5
1,TRADITIONAL,paragraph,Multiple,2,2826,1,5
1,TRADITIONAL,paragraph,Multiple,3,8677,1,6
1,TRADITIONAL,phrase,Single,1,3997,1,5
1,TRADITIONAL,phrase,Single,2,4796,1,4
1,TRADITIONAL,phrase,Single,3,3620,1,5
1,TRADITIONAL,phrase,Multiple,1,6195,1,5
1,TRADITIONAL,phrase,Multiple,2,4614,1,5
1,TRADITIONAL,phrase,Multiple,3,5496,1,5
2,AUTOCOMPASTE,sentence,Multiple,1,10024,1,2
2,AUTOCOMPASTE,sentence,Multiple,2,7520,1,5
2,AUTOCOMPASTE,sentence,Multiple,3,9216,1,3
2,AUTOCOMPASTE,sentence,Single,1,5496,1,5
2,AUTOCOMPASTE,sentence,Single,2,5808,1,2
2,AUTOCOMPASTE,sentence,Single,3,4744,1,2
2,AUTOCOMPASTE,paragraph,Multiple,1,10639,1,5
2,AUTOCOMPASTE,paragraph,Multiple,2,6768,1,3
2,AUTOCOMPASTE,paragraph,Multiple,3,12320,1,3
2,AUTOCOMPASTE,paragraph,Single,1,9321,1,3
2,AUTOCOMPASTE,paragraph,Single,2,6007,1,5
2,AUTOCOMPASTE,paragraph,Single,3,13072,1,3
2,AUTOCOMPASTE,phrase,Multiple,1,17393,1,6
2,AUTOCOMPASTE,phrase,Multiple,2,9311,1,15
2,AUTOCOMPASTE,phrase,Multiple,3,11920,1,7
2,AUTOCOMPASTE,phrase,Single,1,12896,1,7
2,AUTOCOMPASTE,phrase,Single,2,10737,1,11
2,AUTOCOMPASTE,phrase,Single,3,9319,1,6
2,TRADITIONAL,sentence,Multiple,1,7441,1,5
2,TRADITIONAL,sentence,Multiple,2,11560,1,5
2,TRADITIONAL,sentence,Multiple,3,15087,1,5
2,TRADITIONAL,sentence,Single,1,6352,1,5
2,TRADITIONAL,sentence,Single,2,6680,1,4
2,TRADITIONAL,sentence,Single,3,6095,1,4
2,TRADITIONAL,paragraph,Multiple,1,5497,1,5
2,TRADITIONAL,paragraph,Multiple,2,9576,1,5
2,TRADITIONAL,paragraph,Multiple,3,7703,1,5
2,TRADITIONAL,paragraph,Single,1,6912,1,4
2,TRADITIONAL,paragraph,Single,2,5032,1,6
2,TRADITIONAL,paragraph,Single,3,5719,1,10
2,TRADITIONAL,phrase,Multiple,1,9255,1,5
2,TRADITIONAL,phrase,Multiple,2,16664,1,5
2,TRADITIONAL,phrase,Multiple,3,7208,1,5
2,TRADITIONAL,phrase,Single,1,5544,1,5
2,TRADITIONAL,phrase,Single,2,6815,1,5
2,TRADITIONAL,phrase,Single,3,5057,1,5
2,AUTOCOMPASTE,sentence,Multiple,1,7329,1,3
2,AUTOCOMPASTE,sentence,Multiple,2,5193,1,4
2,AUTOCOMPASTE,sentence,Multiple,3,7960,1,3
2,AUTOCOMPASTE,sentence,Single,1,4792,1,4
2,AUTOCOMPASTE,sentence,Single,2,5487,1,5
2,AUTOCOMPASTE,sentence,Single,3,3977,1,2
2,AUTOCOMPASTE,paragraph,Multiple,1,8591,1,3
2,AUTOCOMPASTE,paragraph,Multiple,2,8537,1,3
2,AUTOCOMPASTE,paragraph,Multiple,3,8839,1,3
2,AUTOCOMPASTE,paragraph,Single,1,8168,1,3
2,AUTOCOMPASTE,paragraph,Single,2,13496,1,5
2,AUTOCOMPASTE,paragraph,Single,3,7911,1,4
2,AUTOCOMPASTE,phrase,Multiple,1,9832,1,9
2,AUTOCOMPASTE,phrase,Multiple,2,10984,1,10
2,AUTOCOMPASTE,phrase,Multiple,3,11295,1,8
2,AUTOCOMPASTE,phrase,Single,1,11631,1,7
2,AUTOCOMPASTE,phrase,Single,2,9848,1,6
2,AUTOCOMPASTE,phrase,Single,3,10271,1,9
2,TRADITIONAL,sentence,Multiple,1,7506,1,5
2,TRADITIONAL,sentence,Multiple,2,7366,1,6
2,TRADITIONAL,sentence,Multiple,3,9168,1,5
2,TRADITIONAL,sentence,Single,1,10160,1,5
2,TRADITIONAL,sentence,Single,2,7056,1,5
2,TRADITIONAL,sentence,Single,3,8864,1,5
2,TRADITIONAL,paragraph,Multiple,1,5240,1,5
2,TRADITIONAL,paragraph,Multiple,2,22176,1,5
2,TRADITIONAL,paragraph,Multiple,3,11120,1,5
2,TRADITIONAL,paragraph,Single,1,5664,1,5
2,TRADITIONAL,paragraph,Single,2,7136,1,5
2,TRADITIONAL,paragraph,Single,3,9496,1,5
2,TRADITIONAL,phrase,Multiple,1,8016,1,6
2,TRADITIONAL,phrase,Multiple,2,5648,1,6
2,TRADITIONAL,phrase,Multiple,3,11888,1,5
2,TRADITIONAL,phrase,Single,1,7760,1,5
2,TRADITIONAL,phrase,Single,2,4560,1,4
2,TRADITIONAL,phrase,Single,3,6529,1,4
2,AUTOCOMPASTE,sentence,Multiple,1,6426,1,2
2,AUTOCOMPASTE,sentence,Multiple,2,14183,1,3
2,AUTOCOMPASTE,sentence,Multiple,3,10776,1,4
2,AUTOCOMPASTE,sentence,Single,1,4785,1,4
2,AUTOCOMPASTE,sentence,Single,2,5919,1,3
2,AUTOCOMPASTE,sentence,Single,3,5192,1,4
2,AUTOCOMPASTE,paragraph,Multiple,1,8546,1,5
2,AUTOCOMPASTE,paragraph,Multiple,2,7470,1,2
2,AUTOCOMPASTE,paragraph,Multiple,3,6385,1,5
2,AUTOCOMPASTE,paragraph,Single,1,6463,1,3
2,AUTOCOMPASTE,paragraph,Single,2,12225,1,5
2,AUTOCOMPASTE,paragraph,Single,3,8944,1,5
2,AUTOCOMPASTE,phrase,Multiple,1,9904,1,6
2,AUTOCOMPASTE,phrase,Multiple,2,11313,1,4
2,AUTOCOMPASTE,phrase,Multiple,3,10247,1,9
2,AUTOCOMPASTE,phrase,Single,1,8607,0,9
2,AUTOCOMPASTE,phrase,Single,2,11001,1,7
2,AUTOCOMPASTE,phrase,Single,3,11112,1,7
2,TRADITIONAL,sentence,Multiple,1,13512,1,5
2,TRADITIONAL,sentence,Multiple,2,4272,1,5
2,TRADITIONAL,sentence,Multiple,3,5367,1,5
2,TRADITIONAL,sentence,Single,1,5328,1,5
2,TRADITIONAL,sentence,Single,2,4648,1,5
2,TRADITIONAL,sentence,Single,3,5489,1,5
2,TRADITIONAL,paragraph,Multiple,1,12503,1,5
2,TRADITIONAL,paragraph,Multiple,2,6071,1,5
2,TRADITIONAL,paragraph,Multiple,3,8737,1,6
2,TRADITIONAL,paragraph,Single,1,6232,1,5
2,TRADITIONAL,paragraph,Single,2,6064,1,8
2,TRADITIONAL,paragraph,Single,3,3848,1,5
2,TRADITIONAL,phrase,Multiple,1,9104,1,5
2,TRADITIONAL,phrase,Multiple,2,7040,1,5
2,TRADITIONAL,phrase,Multiple,3,5567,1,5
2,TRADITIONAL,phrase,Single,1,7104,1,5
2,TRADITIONAL,phrase,Single,2,5416,1,4
2,TRADITIONAL,phrase,Single,3,6249,1,5
3,AUTOCOMPASTE,paragraph,Single,1,10301,1,3
3,AUTOCOMPASTE,paragraph,Single,2,7804,1,3
3,AUTOCOMPASTE,paragraph,Single,3,11943,1,3
3,AUTOCOMPASTE,paragraph,Multiple,1,22046,1,5
3,AUTOCOMPASTE,paragraph,Multiple,2,8778,1,3
3,AUTOCOMPASTE,paragraph,Multiple,3,12638,1,3
3,AUTOCOMPASTE,phrase,Single,1,10874,1,5
3,AUTOCOMPASTE,phrase,Single,2,10778,1,6
3,AUTOCOMPASTE,phrase,Single,3,14324,1,6
3,AUTOCOMPASTE,phrase,Multiple,1,25743,1,9
3,AUTOCOMPASTE,phrase,Multiple,2,18648,1,8
3,AUTOCOMPASTE,phrase,Multiple,3,16541,1,6
3,AUTOCOMPASTE,sentence,Single,1,6029,1,3
3,AUTOCOMPASTE,sentence,Single,2,7149,1,2
3,AUTOCOMPASTE,sentence,Single,3,6439,1,2
3,AUTOCOMPASTE,sentence,Multiple,1,5426,1,2
3,AUTOCOMPASTE,sentence,Multiple,2,7306,1,5
3,AUTOCOMPASTE,sentence,Multiple,3,4634,1,2
3,TRADITIONAL,paragraph,Single,1,6293,1,5
3,TRADITIONAL,paragraph,Single,2,6400,1,5
3,TRADITIONAL,paragraph,Single,3,5582,1,5
3,TRADITIONAL,paragraph,Multiple,1,5713,1,5
3,TRADITIONAL,paragraph,Multiple,2,29804,1,5
3,TRADITIONAL,paragraph,Multiple,3,5469,1,4
3,TRADITIONAL,phrase,Single,1,5498,1,4
3,TRADITIONAL,phrase,Single,2,7453,1,5
3,TRADITIONAL,phrase,Single,3,6211,1,4
3,TRADITIONAL,phrase,Multiple,1,15345,1,5
3,TRADITIONAL,phrase,Multiple,2,7174,1,5
3,TRADITIONAL,phrase,Multiple,3,11137,1,4
3,TRADITIONAL,sentence,Single,1,6993,1,5
3,TRADITIONAL,sentence,Single,2,5504,1,5
3,TRADITIONAL,sentence,Single,3,6360,1,5
3,TRADITIONAL,sentence,Multiple,1,6251,1,5
3,TRADITIONAL,sentence,Multiple,2,10000,1,5
3,TRADITIONAL,sentence,Multiple,3,5596,1,5
3,AUTOCOMPASTE,paragraph,Single,1,13083,1,3
3,AUTOCOMPASTE,paragraph,Single,2,26136,1,3
3,AUTOCOMPASTE,paragraph,Single,3,10309,1,6
3,AUTOCOMPASTE,paragraph,Multiple,1,6236,1,3
3,AUTOCOMPASTE,paragraph,Multiple,2,9496,1,3
3,AUTOCOMPASTE,paragraph,Multiple,3,5909,1,3
3,AUTOCOMPASTE,phrase,Single,1,11232,1,8
3,AUTOCOMPASTE,phrase,Single,2,8098,1,6
3,AUTOCOMPASTE,phrase,Single,3,8298,1,6
3,AUTOCOMPASTE,phrase,Multiple,1,11260,1,8
3,AUTOCOMPASTE,phrase,Multiple,2,25579,1,16
3,AUTOCOMPASTE,phrase,Multiple,3,10960,1,6
3,AUTOCOMPASTE,sentence,Single,1,6478,1,3
3,AUTOCOMPASTE,sentence,Single,2,5256,1,2
3,AUTOCOMPASTE,sentence,Single,3,4011,1,2
3,AUTOCOMPASTE,sentence,Multiple,1,5174,1,3
3,AUTOCOMPASTE,sentence,Multiple,2,4207,1,2
3,AUTOCOMPASTE,sentence,Multiple,3,5507,1,4
3,TRADITIONAL,paragraph,Single,1,6492,1,4
3,TRADITIONAL,paragraph,Single,2,5544,1,5
3,TRADITIONAL,paragraph,Single,3,5580,1,4
3,TRADITIONAL,paragraph,Multiple,1,5680,1,5
3,TRADITIONAL,paragraph,Multiple,2,19205,1,5
3,TRADITIONAL,paragraph,Multiple,3,5836,1,5
3,TRADITIONAL,phrase,Single,1,5886,1,5
3,TRADITIONAL,phrase,Single,2,5078,1,4
3,TRADITIONAL,phrase,Single,3,4822,1,4
3,TRADITIONAL,phrase,Multiple,1,13288,1,5
3,TRADITIONAL,phrase,Multiple,2,19411,1,6
3,TRADITIONAL,phrase,Multiple,3,27403,1,5
3,TRADITIONAL,sentence,Single,1,3860,1,4
3,TRADITIONAL,sentence,Single,2,7222,1,5
3,TRADITIONAL,sentence,Single,3,5422,1,4
3,TRADITIONAL,sentence,Multiple,1,6145,1,4
3,TRADITIONAL,sentence,Multiple,2,10286,1,5
3,TRADITIONAL,sentence,Multiple,3,9051,1,5
3,AUTOCOMPASTE,paragraph,Single,1,4933,1,5
3,AUTOCOMPASTE,paragraph,Single,2,12575,1,3
3,AUTOCOMPASTE,paragraph,Single,3,7993,1,3
3,AUTOCOMPASTE,paragraph,Multiple,1,5693,1,3
3,AUTOCOMPASTE,paragraph,Multiple,2,8719,1,2
3,AUTOCOMPASTE,paragraph,Multiple,3,6320,1,3
3,AUTOCOMPASTE,phrase,Single,1,10521,1,6
3,AUTOCOMPASTE,phrase,Single,2,14014,1,6
3,AUTOCOMPASTE,phrase,Single,3,10819,1,7
3,AUTOCOMPASTE,phrase,Multiple,1,11096,1,6
3,AUTOCOMPASTE,phrase,Multiple,2,10754,1,6
3,AUTOCOMPASTE,phrase,Multiple,3,8951,1,7
3,AUTOCOMPASTE,sentence,Single,1,6007,1,4
3,AUTOCOMPASTE,sentence,Single,2,5972,1,2
3,AUTOCOMPASTE,sentence,Single,3,4028,1,2
3,AUTOCOMPASTE,sentence,Multiple,1,6647,1,1
3,AUTOCOMPASTE,sentence,Multiple,2,5539,1,2
3,AUTOCOMPASTE,sentence,Multiple,3,6820,1,3
3,TRADITIONAL,paragraph,Single,1,6617,1,4
3,TRADITIONAL,paragraph,Single,2,5778,1,5
3,TRADITIONAL,paragraph,Single,3,5374,1,5
3,TRADITIONAL,paragraph,Multiple,1,7278,1,5
3,TRADITIONAL,paragraph,Multiple,2,5512,1,5
3,TRADITIONAL,paragraph,Multiple,3,21869,1,5
3,TRADITIONAL,phrase,Single,1,4671,1,4
3,TRADITIONAL,phrase,Single,2,5975,1,5
3,TRADITIONAL,phrase,Single,3,7573,1,5
3,TRADITIONAL,phrase,Multiple,1,9071,1,5
3,TRADITIONAL,phrase,Multiple,2,13738,1,6
3,TRADITIONAL,phrase,Multiple,3,18637,1,8
3,TRADITIONAL,sentence,Single,1,4352,1,4
3,TRADITIONAL,sentence,Single,2,4945,1,5
3,TRADITIONAL,sentence,Single,3,4676,1,4
3,TRADITIONAL,sentence,Multiple,1,20494,1,5
3,TRADITIONAL,sentence,Multiple,2,4815,1,4
3,TRADITIONAL,sentence,Multiple,3,12130,1,12
4,AUTOCOMPASTE,paragraph,Multiple,1,22220,1,13
4,AUTOCOMPASTE,paragraph,Multiple,2,26308,1,13
4,AUTOCOMPASTE,paragraph,Multiple,3,46272,1,18
4,AUTOCOMPASTE,paragraph,Single,1,14408,1,9
4,AUTOCOMPASTE,paragraph,Single,2,14614,1,9
4,AUTOCOMPASTE,paragraph,Single,3,21091,1,17
4,AUTOCOMPASTE,phrase,Multiple,1,24260,1,6
4,AUTOCOMPASTE,phrase,Multiple,2,27438,1,3
4,AUTOCOMPASTE,phrase,Multiple,3,40823,1,7
4,AUTOCOMPASTE,phrase,Single,1,46151,1,22
4,AUTOCOMPASTE,phrase,Single,2,37996,1,19
4,AUTOCOMPASTE,phrase,Single,3,28371,1,12
4,AUTOCOMPASTE,sentence,Multiple,1,13190,1,5
4,AUTOCOMPASTE,sentence,Multiple,2,10191,1,4
4,AUTOCOMPASTE,sentence,Multiple,3,13060,1,5
4,AUTOCOMPASTE,sentence,Single,1,9150,1,3
4,AUTOCOMPASTE,sentence,Single,2,7254,1,3
4,AUTOCOMPASTE,sentence,Single,3,8366,1,3
4,TRADITIONAL,paragraph,Multiple,1,16102,1,4
4,TRADITIONAL,paragraph,Multiple,2,35210,1,6
4,TRADITIONAL,paragraph,Multiple,3,10309,1,6
4,TRADITIONAL,paragraph,Single,1,6790,1,6
4,TRADITIONAL,paragraph,Single,2,5432,1,6
4,TRADITIONAL,paragraph,Single,3,5999,1,6
4,TRADITIONAL,phrase,Multiple,1,22891,1,6
4,TRADITIONAL,phrase,Multiple,2,10640,1,6
4,TRADITIONAL,phrase,Multiple,3,16566,1,6
4,TRADITIONAL,phrase,Single,1,9061,1,6
4,TRADITIONAL,phrase,Single,2,9487,1,6
4,TRADITIONAL,phrase,Single,3,7903,1,4
4,TRADITIONAL,sentence,Multiple,1,11742,1,6
4,TRADITIONAL,sentence,Multiple,2,11469,1,6
4,TRADITIONAL,sentence,Multiple,3,25540,1,6
4,TRADITIONAL,sentence,Single,1,9270,1,6
4,TRADITIONAL,sentence,Single,2,7391,1,4
4,TRADITIONAL,sentence,Single,3,12390,1,6
4,AUTOCOMPASTE,paragraph,Multiple,1,19870,1,17
4,AUTOCOMPASTE,paragraph,Multiple,2,11699,1,10
4,AUTOCOMPASTE,paragraph,Multiple,3,9878,1,7
4,AUTOCOMPASTE,paragraph,Single,1,13413,1,12
4,AUTOCOMPASTE,paragraph,Single,2,28713,1,17
4,AUTOCOMPASTE,paragraph,Single,3,11510,1,7
4,AUTOCOMPASTE,phrase,Multiple,1,41369,1,12
4,AUTOCOMPASTE,phrase,Multiple,2,19411,1,6
4,AUTOCOMPASTE,phrase,Multiple,3,19164,1,2
4,AUTOCOMPASTE,phrase,Single,1,15293,1,7
4,AUTOCOMPASTE,phrase,Single,2,21500,1,8
4,AUTOCOMPASTE,phrase,Single,3,21083,1,9
4,AUTOCOMPASTE,sentence,Multiple,1,9494,1,4
4,AUTOCOMPASTE,sentence,Multiple,2,9759,1,5
4,AUTOCOMPASTE,sentence,Multiple,3,8614,1,5
4,AUTOCOMPASTE,sentence,Single,1,6719,1,3
4,AUTOCOMPASTE,sentence,Single,2,10654,1,6
4,AUTOCOMPASTE,sentence,Single,3,7895,1,5
4,TRADITIONAL,paragraph,Multiple,1,10940,1,4
4,TRADITIONAL,paragraph,Multiple,2,14574,1,6
4,TRADITIONAL,paragraph,Multiple,3,7438,1,6
4,TRADITIONAL,paragraph,Single,1,5040,1,6
4,TRADITIONAL,paragraph,Single,2,5143,1,6
4,TRADITIONAL,paragraph,Single,3,4894,1,6
4,TRADITIONAL,phrase,Multiple,1,9009,1,4
4,TRADITIONAL,phrase,Multiple,2,8901,1,6
4,TRADITIONAL,phrase,Multiple,3,12731,1,6
4,TRADITIONAL,phrase,Single,1,8558,1,4
4,TRADITIONAL,phrase,Single,2,7855,1,4
4,TRADITIONAL,phrase,Single,3,8232,1,4
4,TRADITIONAL,sentence,Multiple,1,9861,1,4
4,TRADITIONAL,sentence,Multiple,2,12670,1,6
4,TRADITIONAL,sentence,Multiple,3,10102,1,6
4,TRADITIONAL,sentence,Single,1,7623,1,4
4,TRADITIONAL,sentence,Single,2,6967,1,4
4,TRADITIONAL,sentence,Single,3,9086,1,4
4,AUTOCOMPASTE,paragraph,Multiple,1,12589,1,10
4,AUTOCOMPASTE,paragraph,Multiple,2,18765,1,16
4,AUTOCOMPASTE,paragraph,Multiple,3,11014,1,11
4,AUTOCOMPASTE,paragraph,Single,1,10638,1,7
4,AUTOCOMPASTE,paragraph,Single,2,10151,1,11
4,AUTOCOMPASTE,paragraph,Single,3,10941,1,11
4,AUTOCOMPASTE,phrase,Multiple,1,29411,1,8
4,AUTOCOMPASTE,phrase,Multiple,2,33546,1,8
4,AUTOCOMPASTE,phrase,Multiple,3,13718,1,6
4,AUTOCOMPASTE,phrase,Single,1,16781,1,6
4,AUTOCOMPASTE,phrase,Single,2,16253,1,8
4,AUTOCOMPASTE,phrase,Single,3,20685,1,12
4,AUTOCOMPASTE,sentence,Multiple,1,7768,1,3
4,AUTOCOMPASTE,sentence,Multiple,2,6870,1,4
4,AUTOCOMPASTE,sentence,Multiple,3,10015,1,3
4,AUTOCOMPASTE,sentence,Single,1,4590,1,3
4,AUTOCOMPASTE,sentence,Single,2,4959,1,3
4,AUTOCOMPASTE,sentence,Single,3,8318,1,5
4,TRADITIONAL,paragraph,Multiple,1,13569,1,10
4,TRADITIONAL,paragraph,Multiple,2,5924,1,6
4,TRADITIONAL,paragraph,Multiple,3,11207,1,6
4,TRADITIONAL,paragraph,Single,1,5054,1,6
4,TRADITIONAL,paragraph,Single,2,4575,1,6
4,TRADITIONAL,paragraph,Single,3,4081,1,6
4,TRADITIONAL,phrase,Multiple,1,11816,1,6
4,TRADITIONAL,phrase,Multiple,2,11795,1,4
4,TRADITIONAL,phrase,Multiple,3,13334,1,7
4,TRADITIONAL,phrase,Single,1,21316,1,6
4,TRADITIONAL,phrase,Single,2,7295,1,6
4,TRADITIONAL,phrase,Single,3,7815,1,4
4,TRADITIONAL,sentence,Multiple,1,8567,1,6
4,TRADITIONAL,sentence,Multiple,2,6041,1,6
4,TRADITIONAL,sentence,Multiple,3,11267,1,4
4,TRADITIONAL,sentence,Single,1,8539,1,4
4,TRADITIONAL,sentence,Single,2,6058,1,4
4,TRADITIONAL,sentence,Single,3,8151,1,4
5,AUTOCOMPASTE,phrase,Single,1,14690,0,5
5,AUTOCOMPASTE,phrase,Single,2,16922,1,8
5,AUTOCOMPASTE,phrase,Single,3,12908,1,35
5,AUTOCOMPASTE,phrase,Multiple,1,18594,1,10
5,AUTOCOMPASTE,phrase,Multiple,2,9982,1,7
5,AUTOCOMPASTE,phrase,Multiple,3,12679,1,7
5,AUTOCOMPASTE,sentence,Single,1,6078,1,2
5,AUTOCOMPASTE,sentence,Single,2,8725,1,2
5,AUTOCOMPASTE,sentence,Single,3,5251,1,2
5,AUTOCOMPASTE,sentence,Multiple,1,5771,1,2
5,AUTOCOMPASTE,sentence,Multiple,2,6781,1,2
5,AUTOCOMPASTE,sentence,Multiple,3,5776,1,1
5,AUTOCOMPASTE,paragraph,Single,1,8120,1,6
5,AUTOCOMPASTE,paragraph,Single,2,12960,1,5
5,AUTOCOMPASTE,paragraph,Single,3,27495,1,7
5,AUTOCOMPASTE,paragraph,Multiple,1,7796,1,3
5,AUTOCOMPASTE,paragraph,Multiple,2,5948,1,3
5,AUTOCOMPASTE,paragraph,Multiple,3,40550,1,29
5,TRADITIONAL,phrase,Single,1,6913,1,5
5,TRADITIONAL,phrase,Single,2,7664,1,5
5,TRADITIONAL,phrase,Single,3,7756,1,6
5,TRADITIONAL,phrase,Multiple,1,16047,1,7
5,TRADITIONAL,phrase,Multiple,2,6709,1,5
5,TRADITIONAL,phrase,Multiple,3,9900,1,7
5,TRADITIONAL,sentence,Single,1,4750,1,5
5,TRADITIONAL,sentence,Single,2,4787,1,5
5,TRADITIONAL,sentence,Single,3,8684,1,5
5,TRADITIONAL,sentence,Multiple,1,4501,1,4
5,TRADITIONAL,sentence,Multiple,2,6767,1,7
5,TRADITIONAL,sentence,Multiple,3,23517,1,5
5,TRADITIONAL,paragraph,Single,1,3410,1,5
5,TRADITIONAL,paragraph,Single,2,3901,1,7
5,TRADITIONAL,paragraph,Single,3,7367,1,7
5,TRADITIONAL,paragraph,Multiple,1,4472,1,5
5,TRADITIONAL,paragraph,Multiple,2,44843,1,7
5,TRADITIONAL,paragraph,Multiple,3,6425,1,5
5,AUTOCOMPASTE,phrase,Single,1,11990,0,57
5,AUTOCOMPASTE,phrase,Single,2,10208,1,6
5,AUTOCOMPASTE,phrase,Single,3,12808,1,8
5,AUTOCOMPASTE,phrase,Multiple,1,10821,1,6
5,AUTOCOMPASTE,phrase,Multiple,2,12135,1,8
5,AUTOCOMPASTE,phrase,Multiple,3,8314,1,6
5,AUTOCOMPASTE,sentence,Single,1,5444,1,2
5,AUTOCOMPASTE,sentence,Single,2,5755,1,3
5,AUTOCOMPASTE,sentence,Single,3,4764,1,4
5,AUTOCOMPASTE,sentence,Multiple,1,6127,1,3
5,AUTOCOMPASTE,sentence,Multiple,2,4958,1,2
5,AUTOCOMPASTE,sentence,Multiple,3,3733,1,2
5,AUTOCOMPASTE,paragraph,Single,1,10816,1,4
5,AUTOCOMPASTE,paragraph,Single,2,6340,1,3
5,AUTOCOMPASTE,paragraph,Single,3,5647,1,3
5,AUTOCOMPASTE,paragraph,Multiple,1,7176,1,3
5,AUTOCOMPASTE,paragraph,Multiple,2,7295,1,3
5,AUTOCOMPASTE,paragraph,Multiple,3,5626,1,3
5,TRADITIONAL,phrase,Single,1,8596,0,7
5,TRADITIONAL,phrase,Single,2,7179,1,5
5,TRADITIONAL,phrase,Single,3,6286,1,4
5,TRADITIONAL,phrase,Multiple,1,8172,1,5
5,TRADITIONAL,phrase,Multiple,2,10815,1,7
5,TRADITIONAL,phrase,Multiple,3,8108,1,7
5,TRADITIONAL,sentence,Single,1,4054,1,5
5,TRADITIONAL,sentence,Single,2,5079,1,5
5,TRADITIONAL,sentence,Single,3,5324,1,6
5,TRADITIONAL,sentence,Multiple,1,8781,1,5
5,TRADITIONAL,sentence,Multiple,2,4285,1,5
5,TRADITIONAL,sentence,Multiple,3,7051,1,5
5,TRADITIONAL,paragraph,Single,1,4983,1,5
5,TRADITIONAL,paragraph,Single,2,4522,1,5
5,TRADITIONAL,paragraph,Single,3,3858,1,5
5,TRADITIONAL,paragraph,Multiple,1,3152,1,5
5,TRADITIONAL,paragraph,Multiple,2,22689,1,6
5,TRADITIONAL,paragraph,Multiple,3,6640,1,5
5,AUTOCOMPASTE,phrase,Single,1,13561,1,8
5,AUTOCOMPASTE,phrase,Single,2,11224,1,8
5,AUTOCOMPASTE,phrase,Single,3,11992,0,7
5,AUTOCOMPASTE,phrase,Multiple,1,7538,1,5
5,AUTOCOMPASTE,phrase,Multiple,2,8753,1,6
5,AUTOCOMPASTE,phrase,Multiple,3,12101,1,6
5,AUTOCOMPASTE,sentence,Single,1,3896,1,2
5,AUTOCOMPASTE,sentence,Single,2,3959,1,1
5,AUTOCOMPASTE,sentence,Single,3,7584,1,2
5,AUTOCOMPASTE,sentence,Multiple,1,3329,1,2
5,AUTOCOMPASTE,sentence,Multiple,2,4415,1,3
5,AUTOCOMPASTE,sentence,Multiple,3,6705,1,4
5,AUTOCOMPASTE,paragraph,Single,1,5010,1,3
5,AUTOCOMPASTE,paragraph,Single,2,9347,1,4
5,AUTOCOMPASTE,paragraph,Single,3,4728,1,3
5,AUTOCOMPASTE,paragraph,Multiple,1,5635,1,5
5,AUTOCOMPASTE,paragraph,Multiple,2,6113,1,2
5,AUTOCOMPASTE,paragraph,Multiple,3,5108,1,2
5,TRADITIONAL,phrase,Single,1,6107,1,4
5,TRADITIONAL,phrase,Single,2,5024,1,4
5,TRADITIONAL,phrase,Single,3,4944,1,4
5,TRADITIONAL,phrase,Multiple,1,6316,1,5
5,TRADITIONAL,phrase,Multiple,2,6063,1,7
5,TRADITIONAL,phrase,Multiple,3,6207,1,5
5,TRADITIONAL,sentence,Single,1,6076,1,5
5,TRADITIONAL,sentence,Single,2,4338,1,5
5,TRADITIONAL,sentence,Single,3,4566,1,5
5,TRADITIONAL,sentence,Multiple,1,13878,1,5
5,TRADITIONAL,sentence,Multiple,2,10605,1,5
5,TRADITIONAL,sentence,Multiple,3,4852,1,5
5,TRADITIONAL,paragraph,Single,1,4772,1,5
5,TRADITIONAL,paragraph,Single,2,5125,1,5
5,TRADITIONAL,paragraph,Single,3,4712,1,5
5,TRADITIONAL,paragraph,Multiple,1,4984,1,6
5,TRADITIONAL,paragraph,Multiple,2,7063,1,7
5,TRADITIONAL,paragraph,Multiple,3,6297,1,5
6,AUTOCOMPASTE,phrase,Multiple,1,65986,1,19
6,AUTOCOMPASTE,phrase,Multiple,2,27023,1,20
6,AUTOCOMPASTE,phrase,Multiple,3,28150,1,4
6,AUTOCOMPASTE,phrase,Single,1,12930,0,6
6,AUTOCOMPASTE,phrase,Single,2,19532,1,22
6,AUTOCOMPASTE,phrase,Single,3,27384,0,15
6,AUTOCOMPASTE,sentence,Multiple,1,9360,1,2
6,AUTOCOMPASTE,sentence,Multiple,2,7887,1,3
6,AUTOCOMPASTE,sentence,Multiple,3,5234,1,2
6,AUTOCOMPASTE,sentence,Single,1,5372,1,2
6,AUTOCOMPASTE,sentence,Single,2,5135,1,2
6,AUTOCOMPASTE,sentence,Single,3,6517,1,6
6,AUTOCOMPASTE,paragraph,Multiple,1,8170,1,3
6,AUTOCOMPASTE,paragraph,Multiple,2,6797,1,2
6,AUTOCOMPASTE,paragraph,Multiple,3,9631,1,3
6,AUTOCOMPASTE,paragraph,Single,1,7251,1,3
6,AUTOCOMPASTE,paragraph,Single,2,7276,1,3
6,AUTOCOMPASTE,paragraph,Single,3,36125,1,3
6,TRADITIONAL,phrase,Multiple,1,9263,1,5
6,TRADITIONAL,phrase,Multiple,2,20589,1,5
6,TRADITIONAL,phrase,Multiple,3,14280,1,5
6,TRADITIONAL,phrase,Single,1,4377,1,5
6,TRADITIONAL,phrase,Single,2,6435,1,5
6,TRADITIONAL,phrase,Single,3,5663,1,5
6,TRADITIONAL,sentence,Multiple,1,16271,1,5
6,TRADITIONAL,sentence,Multiple,2,14622,1,7
6,TRADITIONAL,sentence,Multiple,3,17968,1,6
6,TRADITIONAL,sentence,Single,1,9718,1,5
6,TRADITIONAL,sentence,Single,2,6893,1,5
6,TRADITIONAL,sentence,Single,3,4608,1,5
6,TRADITIONAL,paragraph,Multiple,1,7761,1,5
6,TRADITIONAL,paragraph,Multiple,2,47092,1,7
6,TRADITIONAL,paragraph,Multiple,3,7985,1,8
6,TRADITIONAL,paragraph,Single,1,4986,1,6
6,TRADITIONAL,paragraph,Single,2,7481,1,5
6,TRADITIONAL,paragraph,Single,3,6767,0,6
6,AUTOCOMPASTE,phrase,Multiple,1,41717,1,17
6,AUTOCOMPASTE,phrase,Multiple,2,36346,1,44
6,AUTOCOMPASTE,phrase,Multiple,3,14799,1,6
6,AUTOCOMPASTE,phrase,Single,1,13394,0,4
6,AUTOCOMPASTE,phrase,Single,2,30268,1,33
6,AUTOCOMPASTE,phrase,Single,3,27832,1,5
6,AUTOCOMPASTE,sentence,Multiple,1,36870,1,10
6,AUTOCOMPASTE,sentence,Multiple,2,5677,1,2
6,AUTOCOMPASTE,sentence,Multiple,3,5486,1,4
6,AUTOCOMPASTE,sentence,Single,1,6524,1,4
6,AUTOCOMPASTE,sentence,Single,2,7182,1,4
6,AUTOCOMPASTE,sentence,Single,3,5358,1,4
6,AUTOCOMPASTE,paragraph,Multiple,1,8154,1,5
6,AUTOCOMPASTE,paragraph,Multiple,2,7004,1,3
6,AUTOCOMPASTE,paragraph,Multiple,3,6687,1,3
6,AUTOCOMPASTE,paragraph,Single,1,8454,1,3
6,AUTOCOMPASTE,paragraph,Single,2,7006,1,3
6,AUTOCOMPASTE,paragraph,Single,3,5469,1,3
6,TRADITIONAL,phrase,Multiple,1,12179,1,8
6,TRADITIONAL,phrase,Multiple,2,6347,1,5
6,TRADITIONAL,phrase,Multiple,3,6303,1,5
6,TRADITIONAL,phrase,Single,1,5954,1,5
6,TRADITIONAL,phrase,Single,2,6132,1,5
6,TRADITIONAL,phrase,Single,3,4850,1,5
6,TRADITIONAL,sentence,Multiple,1,6839,1,4
6,TRADITIONAL,sentence,Multiple,2,10253,1,9
6,TRADITIONAL,sentence,Multiple,3,14093,1,5
6,TRADITIONAL,sentence,Single,1,5924,1,4
6,TRADITIONAL,sentence,Single,2,5476,1,5
6,TRADITIONAL,sentence,Single,3,5398,1,5
6,TRADITIONAL,paragraph,Multiple,1,5938,1,5
6,TRADITIONAL,paragraph,Multiple,2,13522,1,5
6,TRADITIONAL,paragraph,Multiple,3,5267,1,5
6,TRADITIONAL,paragraph,Single,1,6616,1,5
6,TRADITIONAL,paragraph,Single,2,6448,1,5
6,TRADITIONAL,paragraph,Single,3,4774,1,5
6,AUTOCOMPASTE,phrase,Multiple,1,20949,1,5
6,AUTOCOMPASTE,phrase,Multiple,2,40855,1,13
6,AUTOCOMPASTE,phrase,Multiple,3,36369,1,9
6,AUTOCOMPASTE,phrase,Single,1,11610,1,5
6,AUTOCOMPASTE,phrase,Single,2,32691,1,29
6,AUTOCOMPASTE,phrase,Single,3,15003,0,5
6,AUTOCOMPASTE,sentence,Multiple,1,4594,1,2
6,AUTOCOMPASTE,sentence,Multiple,2,6582,1,3
6,AUTOCOMPASTE,sentence,Multiple,3,4524,1,2
6,AUTOCOMPASTE,sentence,Single,1,4178,1,2
6,AUTOCOMPASTE,sentence,Single,2,3560,1,2
6,AUTOCOMPASTE,sentence,Single,3,4692,1,3
6,AUTOCOMPASTE,paragraph,Multiple,1,8120,1,5
6,AUTOCOMPASTE,paragraph,Multiple,2,7072,1,3
6,AUTOCOMPASTE,paragraph,Multiple,3,6360,1,3
6,AUTOCOMPASTE,paragraph,Single,1,5928,1,7
6,AUTOCOMPASTE,paragraph,Single,2,6928,1,3
6,AUTOCOMPASTE,paragraph,Single,3,7289,1,3
6,TRADITIONAL,phrase,Multiple,1,25686,1,6
6,TRADITIONAL,phrase,Multiple,2,5936,1,5
6,TRADITIONAL,phrase,Multiple,3,18288,1,6
6,TRADITIONAL,phrase,Single,1,6696,1,5
6,TRADITIONAL,phrase,Single,2,6899,1,5
6,TRADITIONAL,phrase,Single,3,6601,1,5
6,TRADITIONAL,sentence,Multiple,1,13024,1,6
6,TRADITIONAL,sentence,Multiple,2,9344,1,5
6,TRADITIONAL,sentence,Multiple,3,15553,1,5
6,TRADITIONAL,sentence,Single,1,6736,1,5
6,TRADITIONAL,sentence,Single,2,8580,1,5
6,TRADITIONAL,sentence,Single,3,5638,1,4
6,TRADITIONAL,paragraph,Multiple,1,9458,1,5
6,TRADITIONAL,paragraph,Multiple,2,8292,1,6
6,TRADITIONAL,paragraph,Multiple,3,7882,1,5
6,TRADITIONAL,paragraph,Single,1,21069,1,14
6,TRADITIONAL,paragraph,Single,2,8400,1,5
6,TRADITIONAL,paragraph,Single,3,7390,1,6
7,TRADITIONAL,sentence,Single,1,8013,1,5
7,TRADITIONAL,sentence,Single,2,8260,1,5
7,TRADITIONAL,sentence,Single,3,8957,1,5
7,TRADITIONAL,sentence,Multiple,1,19865,1,5
7,TRADITIONAL,sentence,Multiple,2,9546,1,5
7,TRADITIONAL,sentence,Multiple,3,21024,1,5
7,TRADITIONAL,paragraph,Single,1,10434,1,5
7,TRADITIONAL,paragraph,Single,2,7167,1,6
7,TRADITIONAL,paragraph,Single,3,5980,1,5
7,TRADITIONAL,paragraph,Multiple,1,7393,1,5
7,TRADITIONAL,paragraph,Multiple,2,6129,1,5
7,TRADITIONAL,paragraph,Multiple,3,65774,1,5
7,TRADITIONAL,phrase,Single,1,17559,1,4
7,TRADITIONAL,phrase,Single,2,7693,1,5
7,TRADITIONAL,phrase,Single,3,8867,1,5
7,TRADITIONAL,phrase,Multiple,1,27186,1,5
7,TRADITIONAL,phrase,Multiple,2,10701,1,5
7,TRADITIONAL,phrase,Multiple,3,23218,1,5
7,AUTOCOMPASTE,sentence,Single,1,6042,1,5
7,AUTOCOMPASTE,sentence,Single,2,5194,1,2
7,AUTOCOMPASTE,sentence,Single,3,6625,1,2
7,AUTOCOMPASTE,sentence,Multiple,1,6456,1,2
7,AUTOCOMPASTE,sentence,Multiple,2,16058,1,5
7,AUTOCOMPASTE,sentence,Multiple,3,10796,1,3
7,AUTOCOMPASTE,paragraph,Single,1,11823,1,3
7,AUTOCOMPASTE,paragraph,Single,2,28920,1,5
7,AUTOCOMPASTE,paragraph,Single,3,11012,1,3
7,AUTOCOMPASTE,paragraph,Multiple,1,13326,1,5
7,AUTOCOMPASTE,paragraph,Multiple,2,14955,1,3
7,AUTOCOMPASTE,paragraph,Multiple,3,20239,1,3
7,AUTOCOMPASTE,phrase,Single,1,34676,1,6
7,AUTOCOMPASTE,phrase,Single,2,16924,1,6
7,AUTOCOMPASTE,phrase,Single,3,11019,1,6
7,AUTOCOMPASTE,phrase,Multiple,1,13815,1,9
7,AUTOCOMPASTE,phrase,Multiple,2,15492,1,11
7,AUTOCOMPASTE,phrase,Multiple,3,16517,1,6
7,TRADITIONAL,sentence,Single,1,7174,1,5
7,TRADITIONAL,sentence,Single,2,5042,1,5
7,TRADITIONAL,sentence,Single,3,5283,1,4
7,TRADITIONAL,sentence,Multiple,1,7476,1,4
7,TRADITIONAL,sentence,Multiple,2,4402,1,5
7,TRADITIONAL,sentence,Multiple,3,5596,1,5
7,TRADITIONAL,paragraph,Single,1,4529,1,4
7,TRADITIONAL,paragraph,Single,2,4801,1,5
7,TRADITIONAL,paragraph,Single,3,6976,1,4
7,TRADITIONAL,paragraph,Multiple,1,7871,1,5
7,TRADITIONAL,paragraph,Multiple,2,23075,1,5
7,TRADITIONAL,paragraph,Multiple,3,9117,1,5
7,TRADITIONAL,phrase,Single,1,6358,1,5
7,TRADITIONAL,phrase,Single,2,5101,1,4
7,TRADITIONAL,phrase,Single,3,6574,1,4
7,TRADITIONAL,phrase,Multiple,1,8769,1,5
7,TRADITIONAL,phrase,Multiple,2,6613,1,6
7,TRADITIONAL,phrase,Multiple,3,11086,1,5
7,AUTOCOMPASTE,sentence,Single,1,9517,1,5
7,AUTOCOMPASTE,sentence,Single,2,8509,1,5
7,AUTOCOMPASTE,sentence,Single,3,5580,1,2
7,AUTOCOMPASTE,sentence,Multiple,1,5947,1,3
7,AUTOCOMPASTE,sentence,Multiple,2,7709,1,2
7,AUTOCOMPASTE,sentence,Multiple,3,10501,1,5
7,AUTOCOMPASTE,paragraph,Single,1,19930,1,3
7,AUTOCOMPASTE,paragraph,Single,2,9137,1,5
7,AUTOCOMPASTE,paragraph,Single,3,8254,1,5
7,AUTOCOMPASTE,paragraph,Multiple,1,21225,1,3
7,AUTOCOMPASTE,paragraph,Multiple,2,13934,1,3
7,AUTOCOMPASTE,paragraph,Multiple,3,20151,1,3
7,AUTOCOMPASTE,phrase,Single,1,12398,1,7
7,AUTOCOMPASTE,phrase,Single,2,12807,1,6
7,AUTOCOMPASTE,phrase,Single,3,10500,1,6
7,AUTOCOMPASTE,phrase,Multiple,1,10018,1,7
7,AUTOCOMPASTE,phrase,Multiple,2,13585,1,14
7,AUTOCOMPASTE,phrase,Multiple,3,14272,1,7
7,TRADITIONAL,sentence,Single,1,13649,1,5
7,TRADITIONAL,sentence,Single,2,6357,1,5
7,TRADITIONAL,sentence,Single,3,4833,1,4
7,TRADITIONAL,sentence,Multiple,1,9516,1,5
7,TRADITIONAL,sentence,Multiple,2,4117,1,5
7,TRADITIONAL,sentence,Multiple,3,7594,1,9
7,TRADITIONAL,paragraph,Single,1,4098,1,4
7,TRADITIONAL,paragraph,Single,2,4666,1,5
7,TRADITIONAL,paragraph,Single,3,5514,1,5
7,TRADITIONAL,paragraph,Multiple,1,5387,1,5
7,TRADITIONAL,paragraph,Multiple,2,19141,1,5
7,TRADITIONAL,paragraph,Multiple,3,4155,1,6
7,TRADITIONAL,phrase,Single,1,7930,1,5
7,TRADITIONAL,phrase,Single,2,6973,1,5
7,TRADITIONAL,phrase,Single,3,5783,1,5
7,TRADITIONAL,phrase,Multiple,1,14069,1,5
7,TRADITIONAL,phrase,Multiple,2,6386,1,6
7,TRADITIONAL,phrase,Multiple,3,7919,1,7
7,AUTOCOMPASTE,sentence,Single,1,9162,1,4
7,AUTOCOMPASTE,sentence,Single,2,5695,1,4
7,AUTOCOMPASTE,sentence,Single,3,5937,1,2
7,AUTOCOMPASTE,sentence,Multiple,1,7548,1,2
7,AUTOCOMPASTE,sentence,Multiple,2,6220,1,3
7,AUTOCOMPASTE,sentence,Multiple,3,5599,1,4
7,AUTOCOMPASTE,paragraph,Single,1,7355,1,6
7,AUTOCOMPASTE,paragraph,Single,2,8618,1,3
7,AUTOCOMPASTE,paragraph,Single,3,15715,1,5
7,AUTOCOMPASTE,paragraph,Multiple,1,16427,1,5
7,AUTOCOMPASTE,paragraph,Multiple,2,14626,1,2
7,AUTOCOMPASTE,paragraph,Multiple,3,15105,1,3
7,AUTOCOMPASTE,phrase,Single,1,10465,1,11
7,AUTOCOMPASTE,phrase,Single,2,11582,1,7
7,AUTOCOMPASTE,phrase,Single,3,11990,1,9
7,AUTOCOMPASTE,phrase,Multiple,1,15757,1,6
7,AUTOCOMPASTE,phrase,Multiple,2,13551,1,6
7,AUTOCOMPASTE,phrase,Multiple,3,14468,1,8
8,TRADITIONAL,sentence,Multiple,1,13935,1,5
8,TRADITIONAL,sentence,Multiple,2,9052,1,4
8,TRADITIONAL,sentence,Multiple,3,10843,1,4
8,TRADITIONAL,sentence,Single,1,10198,1,5
8,TRADITIONAL,sentence,Single,2,6138,1,4
8,TRADITIONAL,sentence,Single,3,11269,1,4
8,TRADITIONAL,paragraph,Multiple,1,6113,1,5
8,TRADITIONAL,paragraph,Multiple,2,6848,1,5
8,TRADITIONAL,paragraph,Multiple,3,22348,1,5
8,TRADITIONAL,paragraph,Single,1,6095,1,4
8,TRADITIONAL,paragraph,Single,2,6120,1,5
8,TRADITIONAL,paragraph,Single,3,24634,1,12
8,TRADITIONAL,phrase,Multiple,1,7019,1,5
8,TRADITIONAL,phrase,Multiple,2,30738,1,5
8,TRADITIONAL,phrase,Multiple,3,22844,1,5
8,TRADITIONAL,phrase,Single,1,6295,1,5
8,TRADITIONAL,phrase,Single,2,6881,1,4
8,TRADITIONAL,phrase,Single,3,9214,1,5
8,AUTOCOMPASTE,sentence,Multiple,1,8590,1,1
8,AUTOCOMPASTE,sentence,Multiple,2,5993,1,4
8,AUTOCOMPASTE,sentence,Multiple,3,5904,1,2
8,AUTOCOMPASTE,sentence,Single,1,5258,1,2
8,AUTOCOMPASTE,sentence,Single,2,3490,1,2
8,AUTOCOMPASTE,sentence,Single,3,3862,1,2
8,AUTOCOMPASTE,paragraph,Multiple,1,9892,1,7
8,AUTOCOMPASTE,paragraph,Multiple,2,8674,1,3
8,AUTOCOMPASTE,paragraph,Multiple,3,6806,1,3
8,AUTOCOMPASTE,paragraph,Single,1,5715,1,3
8,AUTOCOMPASTE,paragraph,Single,2,5420,1,3
8,AUTOCOMPASTE,paragraph,Single,3,6294,1,3
8,AUTOCOMPASTE,phrase,Multiple,1,10275,0,5
8,AUTOCOMPASTE,phrase,Multiple,2,18737,0,16
8,AUTOCOMPASTE,phrase,Multiple,3,29269,1,6
8,AUTOCOMPASTE,phrase,Single,1,16595,1,7
8,AUTOCOMPASTE,phrase,Single,2,26241,0,13
8,AUTOCOMPASTE,phrase,Single,3,11127,1,6
8,TRADITIONAL,sentence,Multiple,1,10139,1,5
8,TRADITIONAL,sentence,Multiple,2,19521,1,6
8,TRADITIONAL,sentence,Multiple,3,15597,1,5
8,TRADITIONAL,sentence,Single,1,7139,1,5
8,TRADITIONAL,sentence,Single,2,6543,1,5
8,TRADITIONAL,sentence,Single,3,8265,1,5
8,TRADITIONAL,paragraph,Multiple,1,7303,1,5
8,TRADITIONAL,paragraph,Multiple,2,7030,1,5
8,TRADITIONAL,paragraph,Multiple,3,17278,1,5
8,TRADITIONAL,paragraph,Single,1,13146,1,5
8,TRADITIONAL,paragraph,Single,2,7171,1,5
8,TRADITIONAL,paragraph,Single,3,6595,1,5
8,TRADITIONAL,phrase,Multiple,1,11558,1,6
8,TRADITIONAL,phrase,Multiple,2,7248,1,5
8,TRADITIONAL,phrase,Multiple,3,12779,1,5
8,TRADITIONAL,phrase,Single,1,6602,1,5
8,TRADITIONAL,phrase,Single,2,5833,1,4
8,TRADITIONAL,phrase,Single,3,7354,1,4
8,AUTOCOMPASTE,sentence,Multiple,1,4708,1,2
8,AUTOCOMPASTE,sentence,Multiple,2,6057,1,6
8,AUTOCOMPASTE,sentence,Multiple,3,4168,1,2
8,AUTOCOMPASTE,sentence,Single,1,3885,1,1
8,AUTOCOMPASTE,sentence,Single,2,3148,1,2
8,AUTOCOMPASTE,sentence,Single,3,3302,1,2
8,AUTOCOMPASTE,paragraph,Multiple,1,5106,1,3
8,AUTOCOMPASTE,paragraph,Multiple,2,7035,1,3
8,AUTOCOMPASTE,paragraph,Multiple,3,6081,1,3
8,AUTOCOMPASTE,paragraph,Single,1,8901,1,3
8,AUTOCOMPASTE,paragraph,Single,2,8053,1,3
8,AUTOCOMPASTE,paragraph,Single,3,7848,1,4
8,AUTOCOMPASTE,phrase,Multiple,1,26330,1,9
8,AUTOCOMPASTE,phrase,Multiple,2,9692,1,6
8,AUTOCOMPASTE,phrase,Multiple,3,8177,1,8
8,AUTOCOMPASTE,phrase,Single,1,9518,1,6
8,AUTOCOMPASTE,phrase,Single,2,10708,1,5
8,AUTOCOMPASTE,phrase,Single,3,13544,1,11
8,TRADITIONAL,sentence,Multiple,1,28008,1,5
8,TRADITIONAL,sentence,Multiple,2,4631,1,4
8,TRADITIONAL,sentence,Multiple,3,5003,1,5
8,TRADITIONAL,sentence,Single,1,5772,1,4
8,TRADITIONAL,sentence,Single,2,7418,1,5
8,TRADITIONAL,sentence,Single,3,7245,1,5
8,TRADITIONAL,paragraph,Multiple,1,7981,1,5
8,TRADITIONAL,paragraph,Multiple,2,5985,1,5
8,TRADITIONAL,paragraph,Multiple,3,14116,1,5
8,TRADITIONAL,paragraph,Single,1,6418,1,5
8,TRADITIONAL,paragraph,Single,2,15867,1,11
8,TRADITIONAL,paragraph,Single,3,9188,1,5
8,TRADITIONAL,phrase,Multiple,1,8380,1,5
8,TRADITIONAL,phrase,Multiple,2,12499,1,5
8,TRADITIONAL,phrase,Multiple,3,5579,1,5
8,TRADITIONAL,phrase,Single,1,11258,1,5
8,TRADITIONAL,phrase,Single,2,6653,1,4
8,TRADITIONAL,phrase,Single,3,6063,1,5
8,AUTOCOMPASTE,sentence,Multiple,1,4719,1,2
8,AUTOCOMPASTE,sentence,Multiple,2,3440,1,2
8,AUTOCOMPASTE,sentence,Multiple,3,5460,1,6
8,AUTOCOMPASTE,sentence,Single,1,4558,1,3
8,AUTOCOMPASTE,sentence,Single,2,4009,1,1
8,AUTOCOMPASTE,sentence,Single,3,3316,1,5
8,AUTOCOMPASTE,paragraph,Multiple,1,5492,1,2
8,AUTOCOMPASTE,paragraph,Multiple,2,4602,1,2
8,AUTOCOMPASTE,paragraph,Multiple,3,7881,1,4
8,AUTOCOMPASTE,paragraph,Single,1,6034,1,2
8,AUTOCOMPASTE,paragraph,Single,2,7460,1,4
8,AUTOCOMPASTE,paragraph,Single,3,7471,1,3
8,AUTOCOMPASTE,phrase,Multiple,1,10648,1,5
8,AUTOCOMPASTE,phrase,Multiple,2,4235,1,2
8,AUTOCOMPASTE,phrase,Multiple,3,16376,1,12
8,AUTOCOMPASTE,phrase,Single,1,10832,1,3
8,AUTOCOMPASTE,phrase,Single,2,12317,1,5
8,AUTOCOMPASTE,phrase,Single,3,6916,1,4
9,TRADITIONAL,paragraph,Single,1,9506,1,6
9,TRADITIONAL,paragraph,Single,2,6245,1,5
9,TRADITIONAL,paragraph,Single,3,9193,1,5
9,TRADITIONAL,paragraph,Multiple,1,11492,1,5
9,TRADITIONAL,paragraph,Multiple,2,8366,1,5
9,TRADITIONAL,paragraph,Multiple,3,8785,1,5
9,TRADITIONAL,phrase,Single,1,8615,1,4
9,TRADITIONAL,phrase,Single,2,8147,1,5
9,TRADITIONAL,phrase,Single,3,9005,1,6
9,TRADITIONAL,phrase,Multiple,1,7610,1,5
9,TRADITIONAL,phrase,Multiple,2,16375,1,5
9,TRADITIONAL,phrase,Multiple,3,29235,1,5
9,TRADITIONAL,sentence,Single,1,9179,1,5
9,TRADITIONAL,sentence,Single,2,6054,1,5
9,TRADITIONAL,sentence,Single,3,6086,1,5
9,TRADITIONAL,sentence,Multiple,1,9240,1,5
9,TRADITIONAL,sentence,Multiple,2,6837,1,5
9,TRADITIONAL,sentence,Multiple,3,12093,1,5
9,AUTOCOMPASTE,paragraph,Single,1,10954,1,3
9,AUTOCOMPASTE,paragraph,Single,2,7944,1,3
9,AUTOCOMPASTE,paragraph,Single,3,12580,1,3
9,AUTOCOMPASTE,paragraph,Multiple,1,13268,1,4
9,AUTOCOMPASTE,paragraph,Multiple,2,9225,1,3
9,AUTOCOMPASTE,paragraph,Multiple,3,8766,1,3
9,AUTOCOMPASTE,phrase,Single,1,15404,1,6
9,AUTOCOMPASTE,phrase,Single,2,37174,1,10
9,AUTOCOMPASTE,phrase,Single,3,11011,1,4
9,AUTOCOMPASTE,phrase,Multiple,1,7024,1,9
9,AUTOCOMPASTE,phrase,Multiple,2,7201,1,6
9,AUTOCOMPASTE,phrase,Multiple,3,4928,1,7
9,AUTOCOMPASTE,sentence,Single,1,15555,1,3
9,AUTOCOMPASTE,sentence,Single,2,6053,1,2
9,AUTOCOMPASTE,sentence,Single,3,5867,1,2
9,AUTOCOMPASTE,sentence,Multiple,1,11818,1,2
9,AUTOCOMPASTE,sentence,Multiple,2,6592,1,5
9,AUTOCOMPASTE,sentence,Multiple,3,5038,1,6
9,TRADITIONAL,paragraph,Single,1,10299,1,5
9,TRADITIONAL,paragraph,Single,2,6899,1,5
9,TRADITIONAL,paragraph,Single,3,5674,1,6
9,TRADITIONAL,paragraph,Multiple,1,7272,1,5
9,TRADITIONAL,paragraph,Multiple,2,14244,1,5
9,TRADITIONAL,paragraph,Multiple,3,6482,1,5
9,TRADITIONAL,phrase,Single,1,7197,1,5
9,TRADITIONAL,phrase,Single,2,10190,1,4
9,TRADITIONAL,phrase,Single,3,7479,1,5
9,TRADITIONAL,phrase,Multiple,1,24370,1,5
9,TRADITIONAL,phrase,Multiple,2,8576,1,6
9,TRADITIONAL,phrase,Multiple,3,7517,1,5
9,TRADITIONAL,sentence,Single,1,7533,1,5
9,TRADITIONAL,sentence,Single,2,6292,1,5
9,TRADITIONAL,sentence,Single,3,6563,1,4
9,TRADITIONAL,sentence,Multiple,1,7348,1,4
9,TRADITIONAL,sentence,Multiple,2,14539,1,5
9,TRADITIONAL,sentence,Multiple,3,8947,1,5
9,AUTOCOMPASTE,paragraph,Single,1,7839,1,3
9,AUTOCOMPASTE,paragraph,Single,2,10629,1,3
9,AUTOCOMPASTE,paragraph,Single,3,6503,1,6
9,AUTOCOMPASTE,paragraph,Multiple,1,9291,1,3
9,AUTOCOMPASTE,paragraph,Multiple,2,6940,1,3
9,AUTOCOMPASTE,paragraph,Multiple,3,10056,1,3
9,AUTOCOMPASTE,phrase,Single,1,21340,1,7
9,AUTOCOMPASTE,phrase,Single,2,10659,1,7
9,AUTOCOMPASTE,phrase,Single,3,10455,1,6
9,AUTOCOMPASTE,phrase,Multiple,1,5964,1,6
9,AUTOCOMPASTE,phrase,Multiple,2,6928,1,10
9,AUTOCOMPASTE,phrase,Multiple,3,6072,1,10
9,AUTOCOMPASTE,sentence,Single,1,12693,1,3
9,AUTOCOMPASTE,sentence,Single,2,4706,1,4
9,AUTOCOMPASTE,sentence,Single,3,7923,1,2
9,AUTOCOMPASTE,sentence,Multiple,1,4247,1,3
9,AUTOCOMPASTE,sentence,Multiple,2,6491,1,2
9,AUTOCOMPASTE,sentence,Multiple,3,5345,1,4
9,TRADITIONAL,paragraph,Single,1,10148,1,4
9,TRADITIONAL,paragraph,Single,2,6761,1,5
9,TRADITIONAL,paragraph,Single,3,5939,1,5
9,TRADITIONAL,paragraph,Multiple,1,6548,1,5
9,TRADITIONAL,paragraph,Multiple,2,8577,1,5
9,TRADITIONAL,paragraph,Multiple,3,17434,1,6
9,TRADITIONAL,phrase,Single,1,7150,1,5
9,TRADITIONAL,phrase,Single,2,6553,1,5
9,TRADITIONAL,phrase,Single,3,6816,1,5
9,TRADITIONAL,phrase,Multiple,1,18973,1,5
9,TRADITIONAL,phrase,Multiple,2,9365,1,6
9,TRADITIONAL,phrase,Multiple,3,7784,1,7
9,TRADITIONAL,sentence,Single,1,5888,1,5
9,TRADITIONAL,sentence,Single,2,5219,1,7
9,TRADITIONAL,sentence,Single,3,7990,1,5
9,TRADITIONAL,sentence,Multiple,1,8461,1,6
9,TRADITIONAL,sentence,Multiple,2,6048,1,4
9,TRADITIONAL,sentence,Multiple,3,19998,1,9
9,AUTOCOMPASTE,paragraph,Single,1,7565,1,6
9,AUTOCOMPASTE,paragraph,Single,2,9678,1,3
9,AUTOCOMPASTE,paragraph,Single,3,8282,1,3
9,AUTOCOMPASTE,paragraph,Multiple,1,6096,1,3
9,AUTOCOMPASTE,paragraph,Multiple,2,6042,1,5
9,AUTOCOMPASTE,paragraph,Multiple,3,7459,1,3
9,AUTOCOMPASTE,phrase,Single,1,9978,1,6
9,AUTOCOMPASTE,phrase,Single,2,12363,1,6
9,AUTOCOMPASTE,phrase,Single,3,17295,1,10
9,AUTOCOMPASTE,phrase,Multiple,1,8172,1,4
9,AUTOCOMPASTE,phrase,Multiple,2,6788,1,4
9,AUTOCOMPASTE,phrase,Multiple,3,6454,1,7
9,AUTOCOMPASTE,sentence,Single,1,4646,1,4
9,AUTOCOMPASTE,sentence,Single,2,5308,1,2
9,AUTOCOMPASTE,sentence,Single,3,4106,1,3
9,AUTOCOMPASTE,sentence,Multiple,1,5476,1,2
9,AUTOCOMPASTE,sentence,Multiple,2,9141,1,5
9,AUTOCOMPASTE,sentence,Multiple,3,11163,1,4
10,TRADITIONAL,paragraph,Multiple,1,3736,1,6
10,TRADITIONAL,paragraph,Multiple,2,5589,1,5
10,TRADITIONAL,paragraph,Multiple,3,8355,1,5
10,TRADITIONAL,paragraph,Single,1,4324,1,4
10,TRADITIONAL,paragraph,Single,2,3463,1,4
10,TRADITIONAL,paragraph,Single,3,5057,1,5
10,TRADITIONAL,phrase,Multiple,1,8339,1,5
10,TRADITIONAL,phrase,Multiple,2,6204,1,5
10,TRADITIONAL,phrase,Multiple,3,6387,1,5
10,TRADITIONAL,phrase,Single,1,5297,1,4
10,TRADITIONAL,phrase,Single,2,4031,1,4
10,TRADITIONAL,phrase,Single,3,5077,1,4
10,TRADITIONAL,sentence,Multiple,1,4137,1,5
10,TRADITIONAL,sentence,Multiple,2,7704,1,7
10,TRADITIONAL,sentence,Multiple,3,5491,1,5
10,TRADITIONAL,sentence,Single,1,6059,1,5
10,TRADITIONAL,sentence,Single,2,5670,1,5
10,TRADITIONAL,sentence,Single,3,4357,1,5
10,AUTOCOMPASTE,paragraph,Multiple,1,4831,1,3
10,AUTOCOMPASTE,paragraph,Multiple,2,7396,1,3
10,AUTOCOMPASTE,paragraph,Multiple,3,4952,1,3
10,AUTOCOMPASTE,paragraph,Single,1,4216,1,3
10,AUTOCOMPASTE,paragraph,Single,2,4908,1,3
10,AUTOCOMPASTE,paragraph,Single,3,7369,1,3
10,AUTOCOMPASTE,phrase,Multiple,1,16468,1,9
10,AUTOCOMPASTE,phrase,Multiple,2,11708,1,9
10,AUTOCOMPASTE,phrase,Multiple,3,9957,1,8
10,AUTOCOMPASTE,phrase,Single,1,6644,1,4
10,AUTOCOMPASTE,phrase,Single,2,10748,1,9
10,AUTOCOMPASTE,phrase,Single,3,7359,1,6
10,AUTOCOMPASTE,sentence,Multiple,1,3937,1,3
10,AUTOCOMPASTE,sentence,Multiple,2,5621,1,5
10,AUTOCOMPASTE,sentence,Multiple,3,3912,1,2
10,AUTOCOMPASTE,sentence,Single,1,3590,1,2
10,AUTOCOMPASTE,sentence,Single,2,4364,1,2
10,AUTOCOMPASTE,sentence,Single,3,4307,1,2
10,TRADITIONAL,paragraph,Multiple,1,4549,1,7
10,TRADITIONAL,paragraph,Multiple,2,5994,1,5
10,TRADITIONAL,paragraph,Multiple,3,3256,1,5
10,TRADITIONAL,paragraph,Single,1,3928,1,4
10,TRADITIONAL,paragraph,Single,2,4308,1,5
10,TRADITIONAL,paragraph,Single,3,4021,1,4
10,TRADITIONAL,phrase,Multiple,1,13513,1,11
10,TRADITIONAL,phrase,Multiple,2,9148,1,5
10,TRADITIONAL,phrase,Multiple,3,7394,1,7
10,TRADITIONAL,phrase,Single,1,4764,1,4
10,TRADITIONAL,phrase,Single,2,3882,1,4
10,TRADITIONAL,phrase,Single,3,3760,1,4
10,TRADITIONAL,sentence,Multiple,1,5253,1,5
10,TRADITIONAL,sentence,Multiple,2,8507,1,5
10,TRADITIONAL,sentence,Multiple,3,10335,1,7
10,TRADITIONAL,sentence,Single,1,6537,1,5
10,TRADITIONAL,sentence,Single,2,5042,1,5
10,TRADITIONAL,sentence,Single,3,5968,1,6
10,AUTOCOMPASTE,paragraph,Multiple,1,4976,1,3
10,AUTOCOMPASTE,paragraph,Multiple,2,6545,1,3
10,AUTOCOMPASTE,paragraph,Multiple,3,4332,1,3
10,AUTOCOMPASTE,paragraph,Single,1,4150,1,3
10,AUTOCOMPASTE,paragraph,Single,2,5352,1,3
10,AUTOCOMPASTE,paragraph,Single,3,4289,1,3
10,AUTOCOMPASTE,phrase,Multiple,1,11379,1,8
10,AUTOCOMPASTE,phrase,Multiple,2,5141,1,2
10,AUTOCOMPASTE,phrase,Multiple,3,5700,1,2
10,AUTOCOMPASTE,phrase,Single,1,8819,1,8
10,AUTOCOMPASTE,phrase,Single,2,5836,1,4
10,AUTOCOMPASTE,phrase,Single,3,7551,1,6
10,AUTOCOMPASTE,sentence,Multiple,1,5022,1,4
10,AUTOCOMPASTE,sentence,Multiple,2,3794,1,2
10,AUTOCOMPASTE,sentence,Multiple,3,3697,1,2
10,AUTOCOMPASTE,sentence,Single,1,3905,1,2
10,AUTOCOMPASTE,sentence,Single,2,4358,1,2
10,AUTOCOMPASTE,sentence,Single,3,3175,1,2
10,TRADITIONAL,paragraph,Multiple,1,4999,1,5
10,TRADITIONAL,paragraph,Multiple,2,7610,1,5
10,TRADITIONAL,paragraph,Multiple,3,4228,1,5
10,TRADITIONAL,paragraph,Single,1,3526,1,4
10,TRADITIONAL,paragraph,Single,2,4483,1,5
10,TRADITIONAL,paragraph,Single,3,4134,1,5
10,TRADITIONAL,phrase,Multiple,1,11212,1,11
10,TRADITIONAL,phrase,Multiple,2,6075,1,5
10,TRADITIONAL,phrase,Multiple,3,4335,1,5
10,TRADITIONAL,phrase,Single,1,5252,1,4
10,TRADITIONAL,phrase,Single,2,7281,1,5
10,TRADITIONAL,phrase,Single,3,5173,1,4
10,TRADITIONAL,sentence,Multiple,1,5522,1,5
10,TRADITIONAL,sentence,Multiple,2,6106,1,4
10,TRADITIONAL,sentence,Multiple,3,5390,1,5
10,TRADITIONAL,sentence,Single,1,5260,1,5
10,TRADITIONAL,sentence,Single,2,4034,1,4
10,TRADITIONAL,sentence,Single,3,4663,1,5
10,AUTOCOMPASTE,paragraph,Multiple,1,5080,1,3
10,AUTOCOMPASTE,paragraph,Multiple,2,4287,1,3
10,AUTOCOMPASTE,paragraph,Multiple,3,4728,1,3
10,AUTOCOMPASTE,paragraph,Single,1,5415,1,3
10,AUTOCOMPASTE,paragraph,Single,2,5391,1,5
10,AUTOCOMPASTE,paragraph,Single,3,4252,1,3
10,AUTOCOMPASTE,phrase,Multiple,1,6935,1,2
10,AUTOCOMPASTE,phrase,Multiple,2,3692,1,2
10,AUTOCOMPASTE,phrase,Multiple,3,5007,1,2
10,AUTOCOMPASTE,phrase,Single,1,6610,1,5
10,AUTOCOMPASTE,phrase,Single,2,6433,1,2
10,AUTOCOMPASTE,phrase,Single,3,13477,1,11
10,AUTOCOMPASTE,sentence,Multiple,1,3699,1,2
10,AUTOCOMPASTE,sentence,Multiple,2,3261,1,2
10,AUTOCOMPASTE,sentence,Multiple,3,3451,1,2
10,AUTOCOMPASTE,sentence,Single,1,2866,1,2
10,AUTOCOMPASTE,sentence,Single,2,4890,1,2
10,AUTOCOMPASTE,sentence,Single,3,3365,1,2
11,TRADITIONAL,phrase,Single,1,13008,1,4
11,TRADITIONAL,phrase,Single,2,7272,1,5
11,TRADITIONAL,phrase,Single,3,11887,1,6
11,TRADITIONAL,phrase,Multiple,1,11656,1,5
11,TRADITIONAL,phrase,Multiple,2,16351,1,5
11,TRADITIONAL,phrase,Multiple,3,9640,1,5
11,TRADITIONAL,sentence,Single,1,7360,1,5
11,TRADITIONAL,sentence,Single,2,8808,1,4
11,TRADITIONAL,sentence,Single,3,4672,1,4
11,TRADITIONAL,sentence,Multiple,1,6881,1,5
11,TRADITIONAL,sentence,Multiple,2,8944,1,5
11,TRADITIONAL,sentence,Multiple,3,10904,1,5
11,TRADITIONAL,paragraph,Single,1,7729,1,6
11,TRADITIONAL,paragraph,Single,2,6608,1,5
11,TRADITIONAL,paragraph,Single,3,9184,1,5
11,TRADITIONAL,paragraph,Multiple,1,44009,1,5
11,TRADITIONAL,paragraph,Multiple,2,17985,1,5
11,TRADITIONAL,paragraph,Multiple,3,16726,1,5
11,AUTOCOMPASTE,phrase,Single,1,15137,1,5
11,AUTOCOMPASTE,phrase,Single,2,16823,1,11
11,AUTOCOMPASTE,phrase,Single,3,8192,1,2
11,AUTOCOMPASTE,phrase,Multiple,1,12183,1,6
11,AUTOCOMPASTE,phrase,Multiple,2,8609,1,2
11,AUTOCOMPASTE,phrase,Multiple,3,13886,1,5
11,AUTOCOMPASTE,sentence,Single,1,4401,1,2
11,AUTOCOMPASTE,sentence,Single,2,3920,1,2
11,AUTOCOMPASTE,sentence,Single,3,4017,1,2
11,AUTOCOMPASTE,sentence,Multiple,1,4335,1,2
11,AUTOCOMPASTE,sentence,Multiple,2,4049,1,1
11,AUTOCOMPASTE,sentence,Multiple,3,8503,1,7
11,AUTOCOMPASTE,paragraph,Single,1,7017,1,2
11,AUTOCOMPASTE,paragraph,Single,2,5575,1,2
11,AUTOCOMPASTE,paragraph,Single,3,6294,1,3
11,AUTOCOMPASTE,paragraph,Multiple,1,9943,1,2
11,AUTOCOMPASTE,paragraph,Multiple,2,8080,1,2
11,AUTOCOMPASTE,paragraph,Multiple,3,6064,1,2
11,TRADITIONAL,phrase,Single,1,8584,1,5
11,TRADITIONAL,phrase,Single,2,8872,1,4
11,TRADITIONAL,phrase,Single,3,6272,1,5
11,TRADITIONAL,phrase,Multiple,1,13352,1,5
11,TRADITIONAL,phrase,Multiple,2,6425,1,4
11,TRADITIONAL,phrase,Multiple,3,15183,1,5
11,TRADITIONAL,sentence,Single,1,7984,1,5
11,TRADITIONAL,sentence,Single,2,6088,1,5
11,TRADITIONAL,sentence,Single,3,7087,1,4
11,TRADITIONAL,sentence,Multiple,1,7089,1,4
11,TRADITIONAL,sentence,Multiple,2,16199,1,5
11,TRADITIONAL,sentence,Multiple,3,12913,1,5
11,TRADITIONAL,paragraph,Single,1,6046,1,5
11,TRADITIONAL,paragraph,Single,2,6624,1,5
11,TRADITIONAL,paragraph,Single,3,7912,1,7
11,TRADITIONAL,paragraph,Multiple,1,6279,1,5
11,TRADITIONAL,paragraph,Multiple,2,9999,1,5
11,TRADITIONAL,paragraph,Multiple,3,5969,1,5
11,AUTOCOMPASTE,phrase,Single,1,8527,1,5
11,AUTOCOMPASTE,phrase,Single,2,22471,1,6
11,AUTOCOMPASTE,phrase,Single,3,7991,1,4
11,AUTOCOMPASTE,phrase,Multiple,1,4828,1,1
11,AUTOCOMPASTE,phrase,Multiple,2,5567,1,2
11,AUTOCOMPASTE,phrase,Multiple,3,13649,1,14
11,AUTOCOMPASTE,sentence,Single,1,3395,1,2
11,AUTOCOMPASTE,sentence,Single,2,5434,1,4
11,AUTOCOMPASTE,sentence,Single,3,3375,1,2
11,AUTOCOMPASTE,sentence,Multiple,1,3494,1,2
11,AUTOCOMPASTE,sentence,Multiple,2,4113,1,2
11,AUTOCOMPASTE,sentence,Multiple,3,4398,1,2
11,AUTOCOMPASTE,paragraph,Single,1,5507,1,3
11,AUTOCOMPASTE,paragraph,Single,2,7152,1,3
11,AUTOCOMPASTE,paragraph,Single,3,8584,1,6
11,AUTOCOMPASTE,paragraph,Multiple,1,7076,1,3
11,AUTOCOMPASTE,paragraph,Multiple,2,9505,1,3
11,AUTOCOMPASTE,paragraph,Multiple,3,5008,1,3
11,TRADITIONAL,phrase,Single,1,7226,1,5
11,TRADITIONAL,phrase,Single,2,6622,1,5
11,TRADITIONAL,phrase,Single,3,5536,1,4
11,TRADITIONAL,phrase,Multiple,1,13159,1,5
11,TRADITIONAL,phrase,Multiple,2,8546,1,5
11,TRADITIONAL,phrase,Multiple,3,4784,1,4
11,TRADITIONAL,sentence,Single,1,6031,1,5
11,TRADITIONAL,sentence,Single,2,7169,1,7
11,TRADITIONAL,sentence,Single,3,6472,1,5
11,TRADITIONAL,sentence,Multiple,1,13008,1,6
11,TRADITIONAL,sentence,Multiple,2,5674,1,4
11,TRADITIONAL,sentence,Multiple,3,5474,1,5
11,TRADITIONAL,paragraph,Single,1,4899,1,4
11,TRADITIONAL,paragraph,Single,2,5712,1,4
11,TRADITIONAL,paragraph,Single,3,4368,1,4
11,TRADITIONAL,paragraph,Multiple,1,6442,1,5
11,TRADITIONAL,paragraph,Multiple,2,5877,1,5
11,TRADITIONAL,paragraph,Multiple,3,14634,1,6
11,AUTOCOMPASTE,phrase,Single,1,7877,1,5
11,AUTOCOMPASTE,phrase,Single,2,14321,1,6
11,AUTOCOMPASTE,phrase,Single,3,14904,1,10
11,AUTOCOMPASTE,phrase,Multiple,1,6297,1,2
11,AUTOCOMPASTE,phrase,Multiple,2,4235,1,2
11,AUTOCOMPASTE,phrase,Multiple,3,6979,1,4
11,AUTOCOMPASTE,sentence,Single,1,3184,1,2
11,AUTOCOMPASTE,sentence,Single,2,3713,1,1
11,AUTOCOMPASTE,sentence,Single,3,3384,1,2
11,AUTOCOMPASTE,sentence,Multiple,1,3511,1,2
11,AUTOCOMPASTE,sentence,Multiple,2,4705,1,6
11,AUTOCOMPASTE,sentence,Multiple,3,6145,1,4
11,AUTOCOMPASTE,paragraph,Single,1,6045,1,3
11,AUTOCOMPASTE,paragraph,Single,2,5625,1,3
11,AUTOCOMPASTE,paragraph,Single,3,4928,1,3
11,AUTOCOMPASTE,paragraph,Multiple,1,7206,1,2
11,AUTOCOMPASTE,paragraph,Multiple,2,6064,1,5
11,AUTOCOMPASTE,paragraph,Multiple,3,7298,1,3
12,TRADITIONAL,phrase,Multiple,1,17236,1,6
12,TRADITIONAL,phrase,Multiple,2,16502,1,7
12,TRADITIONAL,phrase,Multiple,3,14485,1,5
12,TRADITIONAL,phrase,Single,1,9517,1,4
12,TRADITIONAL,phrase,Single,2,12852,1,4
12,TRADITIONAL,phrase,Single,3,13037,1,5
12,TRADITIONAL,sentence,Multiple,1,16885,1,5
12,TRADITIONAL,sentence,Multiple,2,7780,1,4
12,TRADITIONAL,sentence,Multiple,3,10700,1,5
12,TRADITIONAL,sentence,Single,1,19959,1,5
12,TRADITIONAL,sentence,Single,2,8494,1,4
12,TRADITIONAL,sentence,Single,3,12701,1,5
12,TRADITIONAL,paragraph,Multiple,1,19807,1,5
12,TRADITIONAL,paragraph,Multiple,2,10180,1,5
12,TRADITIONAL,paragraph,Multiple,3,20319,1,5
12,TRADITIONAL,paragraph,Single,1,10827,1,4
12,TRADITIONAL,paragraph,Single,2,12099,1,6
12,TRADITIONAL,paragraph,Single,3,9535,1,4
12,AUTOCOMPASTE,phrase,Multiple,1,21011,1,8
12,AUTOCOMPASTE,phrase,Multiple,2,16010,1,6
12,AUTOCOMPASTE,phrase,Multiple,3,23650,1,7
12,AUTOCOMPASTE,phrase,Single,1,13267,1,3
12,AUTOCOMPASTE,phrase,Single,2,15953,1,6
12,AUTOCOMPASTE,phrase,Single,3,15600,1,5
12,AUTOCOMPASTE,sentence,Multiple,1,8362,1,1
12,AUTOCOMPASTE,sentence,Multiple,2,6554,1,1
12,AUTOCOMPASTE,sentence,Multiple,3,5015,1,1
12,AUTOCOMPASTE,sentence,Single,1,6099,1,3
12,AUTOCOMPASTE,sentence,Single,2,5293,1,1
12,AUTOCOMPASTE,sentence,Single,3,5015,1,1
12,AUTOCOMPASTE,paragraph,Multiple,1,8596,1,2
12,AUTOCOMPASTE,paragraph,Multiple,2,15758,1,2
12,AUTOCOMPASTE,paragraph,Multiple,3,8374,1,2
12,AUTOCOMPASTE,paragraph,Single,1,10190,1,3
12,AUTOCOMPASTE,paragraph,Single,2,9954,1,2
12,AUTOCOMPASTE,paragraph,Single,3,10045,1,2
12,TRADITIONAL,phrase,Multiple,1,14715,1,6
12,TRADITIONAL,phrase,Multiple,2,12219,1,5
12,TRADITIONAL,phrase,Multiple,3,20042,1,5
12,TRADITIONAL,phrase,Single,1,7911,1,4
12,TRADITIONAL,phrase,Single,2,9341,1,4
12,TRADITIONAL,phrase,Single,3,13981,1,4
12,TRADITIONAL,sentence,Multiple,1,9634,1,4
12,TRADITIONAL,sentence,Multiple,2,15034,1,5
12,TRADITIONAL,sentence,Multiple,3,10216,1,5
12,TRADITIONAL,sentence,Single,1,8747,1,4
12,TRADITIONAL,sentence,Single,2,10926,1,5
12,TRADITIONAL,sentence,Single,3,9243,1,4
12,TRADITIONAL,paragraph,Multiple,1,19487,1,5
12,TRADITIONAL,paragraph,Multiple,2,12273,1,5
12,TRADITIONAL,paragraph,Multiple,3,13681,1,5
12,TRADITIONAL,paragraph,Single,1,9181,1,4
12,TRADITIONAL,paragraph,Single,2,7568,1,4
12,TRADITIONAL,paragraph,Single,3,7606,1,4
12,AUTOCOMPASTE,phrase,Multiple,1,20183,1,8
12,AUTOCOMPASTE,phrase,Multiple,2,15238,1,4
12,AUTOCOMPASTE,phrase,Multiple,3,14702,1,6
12,AUTOCOMPASTE,phrase,Single,1,11611,0,3
12,AUTOCOMPASTE,phrase,Single,2,10717,1,3
12,AUTOCOMPASTE,phrase,Single,3,14823,1,5
12,AUTOCOMPASTE,sentence,Multiple,1,5350,1,1
12,AUTOCOMPASTE,sentence,Multiple,2,5850,1,1
12,AUTOCOMPASTE,sentence,Multiple,3,5064,1,1
12,AUTOCOMPASTE,sentence,Single,1,6339,1,1
12,AUTOCOMPASTE,sentence,Single,2,5331,1,1
12,AUTOCOMPASTE,sentence,Single,3,6016,1,1
12,AUTOCOMPASTE,paragraph,Multiple,1,8926,1,2
12,AUTOCOMPASTE,paragraph,Multiple,2,13010,1,2
12,AUTOCOMPASTE,paragraph,Multiple,3,8869,1,2
12,AUTOCOMPASTE,paragraph,Single,1,10044,1,2
12,AUTOCOMPASTE,paragraph,Single,2,12475,1,2
12,AUTOCOMPASTE,paragraph,Single,3,7109,1,2
12,TRADITIONAL,phrase,Multiple,1,16224,1,5
12,TRADITIONAL,phrase,Multiple,2,8244,1,5
12,TRADITIONAL,phrase,Multiple,3,6543,1,4
12,TRADITIONAL,phrase,Single,1,5917,1,4
12,TRADITIONAL,phrase,Single,2,7690,1,4
12,TRADITIONAL,phrase,Single,3,7460,1,5
12,TRADITIONAL,sentence,Multiple,1,6754,1,5
12,TRADITIONAL,sentence,Multiple,2,7051,1,4
12,TRADITIONAL,sentence,Multiple,3,5995,1,4
12,TRADITIONAL,sentence,Single,1,9138,1,4
12,TRADITIONAL,sentence,Single,2,8685,1,4
12,TRADITIONAL,sentence,Single,3,7855,1,5
12,TRADITIONAL,paragraph,Multiple,1,9353,1,5
12,TRADITIONAL,paragraph,Multiple,2,8943,1,5
12,TRADITIONAL,paragraph,Multiple,3,7856,1,5
12,TRADITIONAL,paragraph,Single,1,8545,1,5
12,TRADITIONAL,paragraph,Single,2,9568,1,4
12,TRADITIONAL,paragraph,Single,3,7407,1,5
12,AUTOCOMPASTE,phrase,Multiple,1,13089,1,6
12,AUTOCOMPASTE,phrase,Multiple,2,14388,1,6
12,AUTOCOMPASTE,phrase,Multiple,3,13190,1,5
12,AUTOCOMPASTE,phrase,Single,1,11076,1,3
12,AUTOCOMPASTE,phrase,Single,2,15990,1,5
12,AUTOCOMPASTE,phrase,Single,3,26989,1,10
12,AUTOCOMPASTE,sentence,Multiple,1,4982,1,1
12,AUTOCOMPASTE,sentence,Multiple,2,4498,1,1
12,AUTOCOMPASTE,sentence,Multiple,3,8958,1,3
12,AUTOCOMPASTE,sentence,Single,1,4979,1,1
12,AUTOCOMPASTE,sentence,Single,2,5073,1,1
12,AUTOCOMPASTE,sentence,Single,3,5199,1,1
12,AUTOCOMPASTE,paragraph,Multiple,1,9836,1,2
12,AUTOCOMPASTE,paragraph,Multiple,2,12430,1,4
12,AUTOCOMPASTE,paragraph,Multiple,3,8525,1,2
12,AUTOCOMPASTE,paragraph,Single,1,7527,1,2
12,AUTOCOMPASTE,paragraph,Single,2,8271,1,4
12,AUTOCOMPASTE,paragraph,Single,3,8252,1,4
